2025-08-06 12:59:18,739,ERROR,src.parsers.excel_parser,"Error loading Excel File: 'UploadedFile' object has no attribute 'file'"
2025-08-06 12:59:50,870,ERROR,src.parsers.json_parser,"Error loading file: 'UploadedFile' object has no attribute 'file'"
2025-08-06 13:20:33,408,INFO,src.eda_core.profiler,"Profiler output directory set to: src\artifacts\profiles"
2025-08-06 13:20:33,409,INFO,src.eda_core.profiler,"Generating profile report for 'olist_customers_dataset.csv'..."
2025-08-06 13:21:20,607,INFO,src.eda_core.profiler,"Profile report generation completed successfully."
2025-08-06 13:21:20,732,INFO,src.eda_core.eda_engine,"Initializing EDAEngine with output_dir='src/artifacts', use_llm_summary=False"
2025-08-06 13:21:20,732,INFO,src.eda_core.visualizer,"Visualizer output directory set to: src\artifacts\visuals"
2025-08-06 13:21:20,740,INFO,src.eda_core.eda_engine,"EDA Engine initialized. LLM Summary: False"
2025-08-06 13:21:20,740,INFO,src.eda_core.eda_engine,"Starting EDA Engine..."
2025-08-06 13:21:20,740,INFO,src.eda_core.eda_engine,"Extracting column metadata..."
2025-08-06 13:21:20,740,INFO,src.eda_core.metadata_extractor,"Starting metadata extraction from: src\artifacts\profiles\olist_customers_dataset.csv.json"
2025-08-06 13:21:24,156,INFO,src.eda_core.metadata_extractor,"Metadata extraction completed. Extracted 33 columns."
2025-08-06 13:21:24,284,INFO,src.eda_core.eda_engine,"Generating dataset summary..."
2025-08-06 13:21:24,285,INFO,src.eda_core.summarizer,"Starting LLM-based dataset summarization..."
2025-08-06 13:21:24,285,INFO,src.utils.llm_clients,"MistralClient initialized with model 'mistral' at http://localhost:11434"
2025-08-06 13:22:04,404,INFO,src.eda_core.profiler,"Profiler output directory set to: src\artifacts\profiles"
2025-08-06 13:22:04,404,INFO,src.eda_core.profiler,"Generating profile report for 'olist_customers_dataset.csv'..."
2025-08-06 13:22:18,198,INFO,src.eda_core.profiler,"Profiler output directory set to: src\artifacts\profiles"
2025-08-06 13:22:18,199,INFO,src.eda_core.profiler,"Generating profile report for 'olist_customers_dataset.csv'..."
2025-08-06 13:27:56,872,INFO,src.eda_core.profiler,"Profiler output directory set to: src\artifacts\profiles"
2025-08-06 13:27:56,873,INFO,src.eda_core.profiler,"Generating profile report for 'olist_customers_dataset.csv'..."
2025-08-06 13:28:32,332,INFO,src.eda_core.profiler,"Profile report generation completed successfully."
2025-08-06 13:28:32,428,INFO,src.eda_core.eda_engine,"Initializing EDAEngine with output_dir='src/artifacts', use_llm_summary=False"
2025-08-06 13:28:32,431,INFO,src.eda_core.visualizer,"Visualizer output directory set to: src\artifacts\visuals"
2025-08-06 13:28:32,432,INFO,src.eda_core.eda_engine,"EDA Engine initialized. LLM Summary: False"
2025-08-06 13:28:32,434,INFO,src.eda_core.eda_engine,"Starting EDA Engine..."
2025-08-06 13:28:32,436,INFO,src.eda_core.eda_engine,"Extracting column metadata..."
2025-08-06 13:28:32,437,INFO,src.eda_core.metadata_extractor,"Starting metadata extraction from: src\artifacts\profiles\olist_customers_dataset.csv.json"
2025-08-06 13:28:34,740,INFO,src.eda_core.metadata_extractor,"Metadata extraction completed. Extracted 33 columns."
2025-08-06 13:28:34,806,INFO,src.eda_core.eda_engine,"Generating dataset summary..."
2025-08-06 13:28:34,806,INFO,src.eda_core.summarizer,"Starting LLM-based dataset summarization..."
2025-08-06 13:28:34,806,INFO,src.utils.llm_clients,"MistralClient initialized with model 'mistral' at http://localhost:11434"
2025-08-06 13:33:36,855,ERROR,src.utils.llm_clients,"Request to Mistral model failed: HTTPConnectionPool(host='localhost', port=11434): Read timed out. (read timeout=300)"
2025-08-06 13:33:36,856,ERROR,src.eda_core.summarizer,"LLM summarization failed: Failed to connect to LLM at http://localhost:11434"
2025-08-06 13:33:36,857,ERROR,src.eda_core.summarizer,"Summarization failed: LLM summarization failed: Failed to connect to LLM at http://localhost:11434"
2025-08-06 13:38:18,715,INFO,src.pipelines.preprocessing_pipelines,"Initialized PreprocessingPipeline. Artifacts dir: src\artifacts"
2025-08-06 13:39:24,125,INFO,src.pipelines.preprocessing_pipelines,"Initialized PreprocessingPipeline. Artifacts dir: src\artifacts"
2025-08-06 13:42:45,544,INFO,src.eda_core.profiler,"Profiler output directory set to: src\artifacts\profiles"
2025-08-06 13:42:45,545,INFO,src.eda_core.profiler,"Generating profile report for 'olist_customers_dataset.csv'..."
2025-08-06 13:43:23,517,INFO,src.eda_core.profiler,"Profile report generation completed successfully."
2025-08-06 13:43:23,586,INFO,src.eda_core.metadata_extractor,"Starting metadata extraction from: src\artifacts\profiles\olist_customers_dataset.csv.json"
2025-08-06 13:43:25,823,INFO,src.eda_core.metadata_extractor,"Metadata extraction completed. Extracted 33 columns."
2025-08-06 13:43:47,767,INFO,src.eda_core.profiler,"Profiler output directory set to: src\artifacts\profiles"
2025-08-06 13:43:47,770,INFO,src.eda_core.profiler,"Generating profile report for 'olist_customers_dataset.csv'..."
2025-08-06 13:44:15,262,INFO,src.eda_core.profiler,"Profile report generation completed successfully."
2025-08-06 13:44:15,364,INFO,src.eda_core.metadata_extractor,"Starting metadata extraction from: src\artifacts\profiles\olist_customers_dataset.csv.json"
2025-08-06 13:44:17,047,INFO,src.eda_core.metadata_extractor,"Metadata extraction completed. Extracted 33 columns."
2025-08-06 13:44:17,097,INFO,src.pipelines.preprocessing_pipelines,"Initialized PreprocessingPipeline. Artifacts dir: src\artifacts"
2025-08-06 13:44:17,098,INFO,src.pipelines.preprocessing_pipelines,"ðŸš€ Starting preprocessing pipeline..."
2025-08-06 13:44:17,098,INFO,src.pipelines.preprocessing_pipelines,"Handling missing values..."
2025-08-06 13:44:17,098,INFO,src.eda_core.preprocessing_rules.missing_values,"Starting missing value handling..."
2025-08-06 13:44:17,098,INFO,src.eda_core.preprocessing_rules.missing_values,"Starting missing value rule evaluation..."
2025-08-06 13:44:17,110,INFO,src.eda_core.preprocessing_rules.missing_values,"Missing value rule evaluation completed successfully."
2025-08-06 13:44:17,124,INFO,src.eda_core.preprocessing_rules.missing_values,"Applied median imputation for column 'product_weight_g'."
2025-08-06 13:44:17,132,INFO,src.eda_core.preprocessing_rules.missing_values,"Applied median imputation for column 'product_length_cm'."
2025-08-06 13:44:17,137,INFO,src.eda_core.preprocessing_rules.missing_values,"Applied median imputation for column 'product_height_cm'."
2025-08-06 13:44:17,143,INFO,src.eda_core.preprocessing_rules.missing_values,"Applied median imputation for column 'product_width_cm'."
2025-08-06 13:44:17,148,INFO,src.eda_core.preprocessing_rules.missing_values,"Missing value handling completed successfully."
2025-08-06 13:44:17,149,INFO,src.pipelines.preprocessing_pipelines,"Detecting and handling outliers..."
2025-08-06 13:44:17,150,INFO,src.eda_core.preprocessing_rules.outliers,"Starting outlier handling..."
2025-08-06 13:44:17,151,INFO,src.eda_core.preprocessing_rules.outliers,"Starting outlier detection rule evaluation..."
2025-08-06 13:44:17,159,INFO,src.eda_core.preprocessing_rules.outliers,"Column 'payment_sequential' has moderate outliers. Recommended removal."
2025-08-06 13:44:17,166,INFO,src.eda_core.preprocessing_rules.outliers,"Column 'payment_installments' has moderate outliers. Recommended removal."
2025-08-06 13:44:17,170,INFO,src.eda_core.preprocessing_rules.outliers,"Column 'payment_value' has moderate outliers. Recommended removal."
2025-08-06 13:44:17,170,INFO,src.eda_core.preprocessing_rules.outliers,"Column 'customer_zip_code_prefix' has no detected outliers."
2025-08-06 13:44:17,185,INFO,src.eda_core.preprocessing_rules.outliers,"Column 'order_item_id' has moderate outliers. Recommended removal."
2025-08-06 13:44:17,193,INFO,src.eda_core.preprocessing_rules.outliers,"Column 'price' has moderate outliers. Recommended removal."
2025-08-06 13:44:17,199,INFO,src.eda_core.preprocessing_rules.outliers,"Column 'freight_value' has moderate outliers. Recommended removal."
2025-08-06 13:44:17,204,INFO,src.eda_core.preprocessing_rules.outliers,"Column 'product_name_lenght' has moderate outliers. Recommended removal."
2025-08-06 13:44:17,208,INFO,src.eda_core.preprocessing_rules.outliers,"Column 'product_description_lenght' has moderate outliers. Recommended removal."
2025-08-06 13:44:17,218,INFO,src.eda_core.preprocessing_rules.outliers,"Column 'product_photos_qty' has moderate outliers. Recommended removal."
2025-08-06 13:44:17,224,INFO,src.eda_core.preprocessing_rules.outliers,"Column 'product_weight_g' has moderate outliers. Recommended removal."
2025-08-06 13:44:17,230,INFO,src.eda_core.preprocessing_rules.outliers,"Column 'product_length_cm' has moderate outliers. Recommended removal."
2025-08-06 13:44:17,235,INFO,src.eda_core.preprocessing_rules.outliers,"Column 'product_height_cm' has moderate outliers. Recommended removal."
2025-08-06 13:44:17,242,INFO,src.eda_core.preprocessing_rules.outliers,"Column 'product_width_cm' has moderate outliers. Recommended removal."
2025-08-06 13:44:17,245,INFO,src.eda_core.preprocessing_rules.outliers,"Column 'review_score' has moderate outliers. Recommended removal."
2025-08-06 13:44:17,246,INFO,src.eda_core.preprocessing_rules.outliers,"Outlier detection rule evaluation completed successfully."
2025-08-06 13:44:17,280,INFO,src.eda_core.preprocessing_rules.outliers,"Removed outliers from 'payment_sequential'. Rows before: 115609, after: 110662."
2025-08-06 13:44:17,323,INFO,src.eda_core.preprocessing_rules.outliers,"Removed outliers from 'payment_installments'. Rows before: 110662, after: 102768."
2025-08-06 13:44:17,422,INFO,src.eda_core.preprocessing_rules.outliers,"Removed outliers from 'payment_value'. Rows before: 102768, after: 94964."
2025-08-06 13:44:17,488,INFO,src.eda_core.preprocessing_rules.outliers,"Removed outliers from 'order_item_id'. Rows before: 94964, after: 85487."
2025-08-06 13:44:17,522,INFO,src.eda_core.preprocessing_rules.outliers,"Removed outliers from 'price'. Rows before: 85487, after: 82409."
2025-08-06 13:44:17,558,INFO,src.eda_core.preprocessing_rules.outliers,"Removed outliers from 'freight_value'. Rows before: 82409, after: 75073."
2025-08-06 13:44:17,635,INFO,src.eda_core.preprocessing_rules.outliers,"Removed outliers from 'product_name_lenght'. Rows before: 75073, after: 74513."
2025-08-06 13:44:17,686,INFO,src.eda_core.preprocessing_rules.outliers,"Removed outliers from 'product_description_lenght'. Rows before: 74513, after: 69909."
2025-08-06 13:44:17,730,INFO,src.eda_core.preprocessing_rules.outliers,"Removed outliers from 'product_photos_qty'. Rows before: 69909, after: 67941."
2025-08-06 13:44:17,785,INFO,src.eda_core.preprocessing_rules.outliers,"Removed outliers from 'product_weight_g'. Rows before: 67941, after: 61550."
2025-08-06 13:44:17,821,INFO,src.eda_core.preprocessing_rules.outliers,"Removed outliers from 'product_length_cm'. Rows before: 61550, after: 59490."
2025-08-06 13:44:17,850,INFO,src.eda_core.preprocessing_rules.outliers,"Removed outliers from 'product_height_cm'. Rows before: 59490, after: 57418."
2025-08-06 13:44:17,890,INFO,src.eda_core.preprocessing_rules.outliers,"Removed outliers from 'product_width_cm'. Rows before: 57418, after: 56687."
2025-08-06 13:44:17,923,INFO,src.eda_core.preprocessing_rules.outliers,"Removed outliers from 'review_score'. Rows before: 56687, after: 49171."
2025-08-06 13:44:17,924,INFO,src.eda_core.preprocessing_rules.outliers,"Outlier handling completed successfully."
2025-08-06 13:44:17,925,INFO,src.pipelines.preprocessing_pipelines,"Applying encoding and scaling..."
2025-08-06 13:44:17,926,INFO,src.eda_core.preprocessing_rules.encodings,"Starting encoding & scaling process..."
2025-08-06 13:44:17,926,INFO,src.eda_core.preprocessing_rules.encodings,"Starting encoding rule evaluation..."
2025-08-06 13:44:17,927,INFO,src.eda_core.preprocessing_rules.encodings,"Encoding rule evaluation completed successfully."
2025-08-06 13:44:17,965,INFO,src.eda_core.preprocessing_rules.encodings,"Numeric feature scaling applied."
2025-08-06 13:44:17,966,INFO,src.eda_core.preprocessing_rules.encodings,"Encoding & scaling process completed successfully."
2025-08-06 13:44:17,967,INFO,src.pipelines.preprocessing_pipelines,"Applying transformations..."
2025-08-06 13:44:17,967,INFO,src.eda_core.preprocessing_rules.transformations,"Starting transformation application..."
2025-08-06 13:44:17,968,INFO,src.eda_core.preprocessing_rules.transformations,"Starting transformation rule evaluation..."
2025-08-06 13:44:17,968,WARNING,src.eda_core.preprocessing_rules.transformations,"Column 'order_id' type 'text' not recognized. No transformation applied."
2025-08-06 13:44:17,968,WARNING,src.eda_core.preprocessing_rules.transformations,"Column 'customer_id' type 'text' not recognized. No transformation applied."
2025-08-06 13:44:17,969,WARNING,src.eda_core.preprocessing_rules.transformations,"Column 'order_status' type 'text' not recognized. No transformation applied."
2025-08-06 13:44:17,970,WARNING,src.eda_core.preprocessing_rules.transformations,"Column 'order_purchase_timestamp' type 'text' not recognized. No transformation applied."
2025-08-06 13:44:17,971,WARNING,src.eda_core.preprocessing_rules.transformations,"Column 'order_approved_at' type 'text' not recognized. No transformation applied."
2025-08-06 13:44:17,971,WARNING,src.eda_core.preprocessing_rules.transformations,"Column 'order_delivered_carrier_date' type 'text' not recognized. No transformation applied."
2025-08-06 13:44:17,972,WARNING,src.eda_core.preprocessing_rules.transformations,"Column 'order_delivered_customer_date' type 'text' not recognized. No transformation applied."
2025-08-06 13:44:17,973,WARNING,src.eda_core.preprocessing_rules.transformations,"Column 'order_estimated_delivery_date' type 'text' not recognized. No transformation applied."
2025-08-06 13:44:17,978,WARNING,src.eda_core.preprocessing_rules.transformations,"Column 'payment_sequential' is constant. Marked for drop."
2025-08-06 13:44:17,979,WARNING,src.eda_core.preprocessing_rules.transformations,"Column 'payment_type' type 'text' not recognized. No transformation applied."
2025-08-06 13:44:17,982,INFO,src.eda_core.preprocessing_rules.transformations,"Column 'payment_installments' is highly skewed. Suggested log/Box-Cox transform."
2025-08-06 13:44:17,986,INFO,src.eda_core.preprocessing_rules.transformations,"Column 'payment_value' is highly skewed. Suggested log/Box-Cox transform."
2025-08-06 13:44:17,987,WARNING,src.eda_core.preprocessing_rules.transformations,"Column 'customer_unique_id' type 'text' not recognized. No transformation applied."
2025-08-06 13:44:17,990,INFO,src.eda_core.preprocessing_rules.transformations,"Column 'customer_zip_code_prefix' has moderate range. Suggested min-max scaling."
2025-08-06 13:44:17,990,WARNING,src.eda_core.preprocessing_rules.transformations,"Column 'customer_city' type 'text' not recognized. No transformation applied."
2025-08-06 13:44:17,991,WARNING,src.eda_core.preprocessing_rules.transformations,"Column 'customer_state' type 'text' not recognized. No transformation applied."
2025-08-06 13:44:17,993,WARNING,src.eda_core.preprocessing_rules.transformations,"Column 'order_item_id' is constant. Marked for drop."
2025-08-06 13:44:17,994,WARNING,src.eda_core.preprocessing_rules.transformations,"Column 'product_id' type 'text' not recognized. No transformation applied."
2025-08-06 13:44:17,994,WARNING,src.eda_core.preprocessing_rules.transformations,"Column 'seller_id' type 'text' not recognized. No transformation applied."
2025-08-06 13:44:17,994,WARNING,src.eda_core.preprocessing_rules.transformations,"Column 'shipping_limit_date' type 'text' not recognized. No transformation applied."
2025-08-06 13:44:17,996,INFO,src.eda_core.preprocessing_rules.transformations,"Column 'price' is highly skewed. Suggested log/Box-Cox transform."
2025-08-06 13:44:18,000,INFO,src.eda_core.preprocessing_rules.transformations,"Column 'freight_value' has moderate range. Suggested min-max scaling."
2025-08-06 13:44:18,000,WARNING,src.eda_core.preprocessing_rules.transformations,"Column 'product_category_name' type 'text' not recognized. No transformation applied."
2025-08-06 13:44:18,003,INFO,src.eda_core.preprocessing_rules.transformations,"Column 'product_name_lenght' has moderate range. Suggested min-max scaling."
2025-08-06 13:44:18,005,INFO,src.eda_core.preprocessing_rules.transformations,"Column 'product_description_lenght' has moderate range. Suggested min-max scaling."
2025-08-06 13:44:18,009,INFO,src.eda_core.preprocessing_rules.transformations,"Column 'product_photos_qty' is highly skewed. Suggested log/Box-Cox transform."
2025-08-06 13:44:18,012,INFO,src.eda_core.preprocessing_rules.transformations,"Column 'product_weight_g' is highly skewed. Suggested log/Box-Cox transform."
2025-08-06 13:44:18,014,INFO,src.eda_core.preprocessing_rules.transformations,"Column 'product_length_cm' is highly skewed. Suggested log/Box-Cox transform."
2025-08-06 13:44:18,016,INFO,src.eda_core.preprocessing_rules.transformations,"Column 'product_height_cm' has moderate range. Suggested min-max scaling."
2025-08-06 13:44:18,020,INFO,src.eda_core.preprocessing_rules.transformations,"Column 'product_width_cm' has moderate range. Suggested min-max scaling."
2025-08-06 13:44:18,021,WARNING,src.eda_core.preprocessing_rules.transformations,"Column 'product_category_name_english' type 'text' not recognized. No transformation applied."
2025-08-06 13:44:18,026,INFO,src.eda_core.preprocessing_rules.transformations,"Column 'review_score' is highly skewed. Suggested log/Box-Cox transform."
2025-08-06 13:44:18,027,WARNING,src.eda_core.preprocessing_rules.transformations,"Column 'review_comment_message' type 'text' not recognized. No transformation applied."
2025-08-06 13:44:18,028,INFO,src.eda_core.preprocessing_rules.transformations,"Transformation rule evaluation completed successfully."
2025-08-06 13:44:18,029,INFO,src.eda_core.preprocessing_rules.transformations,"Dropping column 'payment_sequential' as per rule: drop (constant feature)"
2025-08-06 13:44:18,042,WARNING,src.eda_core.preprocessing_rules.transformations,"Column 'payment_installments' contains non-positive values. Skipping log transform."
2025-08-06 13:44:18,043,WARNING,src.eda_core.preprocessing_rules.transformations,"Column 'payment_value' contains non-positive values. Skipping log transform."
2025-08-06 13:44:18,046,INFO,src.eda_core.preprocessing_rules.transformations,"Applied MinMaxScaler to 'customer_zip_code_prefix'."
2025-08-06 13:44:18,047,INFO,src.eda_core.preprocessing_rules.transformations,"Dropping column 'order_item_id' as per rule: drop (constant feature)"
2025-08-06 13:44:18,063,WARNING,src.eda_core.preprocessing_rules.transformations,"Column 'price' contains non-positive values. Skipping log transform."
2025-08-06 13:44:18,070,INFO,src.eda_core.preprocessing_rules.transformations,"Applied MinMaxScaler to 'freight_value'."
2025-08-06 13:44:18,073,INFO,src.eda_core.preprocessing_rules.transformations,"Applied MinMaxScaler to 'product_name_lenght'."
2025-08-06 13:44:18,073,INFO,src.eda_core.preprocessing_rules.transformations,"Applied MinMaxScaler to 'product_description_lenght'."
2025-08-06 13:44:18,073,WARNING,src.eda_core.preprocessing_rules.transformations,"Column 'product_photos_qty' contains non-positive values. Skipping log transform."
2025-08-06 13:44:18,080,WARNING,src.eda_core.preprocessing_rules.transformations,"Column 'product_weight_g' contains non-positive values. Skipping log transform."
2025-08-06 13:44:18,080,WARNING,src.eda_core.preprocessing_rules.transformations,"Column 'product_length_cm' contains non-positive values. Skipping log transform."
2025-08-06 13:44:18,083,INFO,src.eda_core.preprocessing_rules.transformations,"Applied MinMaxScaler to 'product_height_cm'."
2025-08-06 13:44:18,087,INFO,src.eda_core.preprocessing_rules.transformations,"Applied MinMaxScaler to 'product_width_cm'."
2025-08-06 13:44:18,088,WARNING,src.eda_core.preprocessing_rules.transformations,"Column 'review_score' contains non-positive values. Skipping log transform."
2025-08-06 13:44:18,088,INFO,src.eda_core.preprocessing_rules.transformations,"Transformation application completed successfully."
2025-08-06 13:44:19,675,INFO,src.pipelines.preprocessing_pipelines,"âœ… Preprocessed dataset saved to: src\artifacts\preprocessed_dataset.csv"
2025-08-06 13:44:19,675,INFO,src.pipelines.preprocessing_pipelines,"âœ… Preprocessing pipeline completed successfully."
2025-08-06 13:53:11,537,INFO,src.eda_core.profiler,"Profiler output directory set to: src\artifacts\profiles"
2025-08-06 13:53:11,538,INFO,src.eda_core.profiler,"Generating profile report for 'olist_customers_dataset.csv'..."
2025-08-06 13:53:40,663,INFO,src.eda_core.profiler,"Profile report generation completed successfully."
2025-08-06 13:53:40,720,INFO,src.eda_core.eda_engine,"Initializing EDAEngine with output_dir='src/artifacts', use_llm_summary=False"
2025-08-06 13:53:40,720,INFO,src.eda_core.visualizer,"Visualizer output directory set to: src\artifacts\visuals"
2025-08-06 13:53:40,721,INFO,src.eda_core.eda_engine,"EDA Engine initialized. LLM Summary: False"
2025-08-06 13:53:40,721,INFO,src.eda_core.eda_engine,"Starting EDA Engine..."
2025-08-06 13:53:40,721,INFO,src.eda_core.eda_engine,"Extracting column metadata..."
2025-08-06 13:53:40,721,INFO,src.eda_core.metadata_extractor,"Starting metadata extraction from: src\artifacts\profiles\olist_customers_dataset.csv.json"
2025-08-06 13:53:42,662,INFO,src.eda_core.metadata_extractor,"Metadata extraction completed. Extracted 33 columns."
2025-08-06 13:53:42,725,INFO,src.eda_core.eda_engine,"Generating dataset summary..."
2025-08-06 13:53:42,726,INFO,src.eda_core.summarizer,"Starting LLM-based dataset summarization..."
2025-08-06 13:53:42,727,INFO,src.utils.llm_clients,"GeminiClient initialized with model 'gemini-1.5-flash'"
2025-08-06 13:53:49,590,INFO,src.eda_core.summarizer,"LLM-based dataset summarization completed."
2025-08-06 13:53:49,591,INFO,src.eda_core.eda_engine,"Determining visualization rules..."
2025-08-06 13:53:49,591,INFO,src.eda_core.visualization_rules.vis_rules,"Starting Tier 3 visualization rule evaluation..."
2025-08-06 13:53:49,628,INFO,src.eda_core.visualization_rules.vis_rules,"Tier 3 visualization rule evaluation completed successfully."
2025-08-06 13:53:49,628,INFO,src.eda_core.eda_engine,"Rendering visualizations..."
2025-08-06 13:53:49,629,INFO,src.eda_core.visualizer,"Visualizer output directory set to: src\artifacts\visuals"
2025-08-06 13:53:49,630,INFO,src.eda_core.visualizer,"Starting visualization generation..."
2025-08-06 13:55:57,853,WARNING,src.eda_core.visualizer,"Skipping plot heatmap for numeric_correlation: column not found"
2025-08-06 13:55:57,853,WARNING,src.eda_core.visualizer,"Skipping plot cluster_heatmap for clustered_correlation: column not found"
2025-08-06 13:55:57,853,INFO,src.eda_core.visualizer,"Visualization generation completed. Total features plotted: 66"
2025-08-06 13:55:57,853,INFO,src.eda_core.eda_engine,"EDA Engine completed successfully."
2025-08-06 14:02:29,290,ERROR,src.parsers.excel_parser,"Error loading Excel File: Missing optional dependency 'openpyxl'.  Use pip or conda to install openpyxl."
2025-08-06 14:02:39,799,ERROR,src.parsers.excel_parser,"Error loading Excel File: Missing optional dependency 'openpyxl'.  Use pip or conda to install openpyxl."
2025-08-06 14:05:07,921,ERROR,src.parsers.excel_parser,"Error loading Excel File: Missing optional dependency 'openpyxl'.  Use pip or conda to install openpyxl."
2025-08-06 14:05:23,214,ERROR,src.parsers.excel_parser,"Error loading Excel File: Missing optional dependency 'openpyxl'.  Use pip or conda to install openpyxl."
2025-08-06 14:05:51,854,ERROR,src.parsers.excel_parser,"Error loading Excel File: Missing optional dependency 'openpyxl'.  Use pip or conda to install openpyxl."
2025-08-06 14:06:51,413,ERROR,src.parsers.excel_parser,"Error loading Excel File: Missing optional dependency 'openpyxl'.  Use pip or conda to install openpyxl."
2025-08-06 14:08:38,744,INFO,src.eda_core.profiler,"Profiler output directory set to: src\artifacts\profiles"
2025-08-06 14:08:38,745,INFO,src.eda_core.profiler,"Generating profile report for 'diabetes.xlsx'..."
2025-08-06 14:08:45,191,INFO,src.eda_core.profiler,"Profile report generation completed successfully."
2025-08-06 14:08:45,193,INFO,src.eda_core.eda_engine,"Initializing EDAEngine with output_dir='src/artifacts', use_llm_summary=False"
2025-08-06 14:08:45,195,INFO,src.eda_core.visualizer,"Visualizer output directory set to: src\artifacts\visuals"
2025-08-06 14:08:45,195,INFO,src.eda_core.eda_engine,"EDA Engine initialized. LLM Summary: False"
2025-08-06 14:08:45,196,INFO,src.eda_core.eda_engine,"Starting EDA Engine..."
2025-08-06 14:08:45,196,INFO,src.eda_core.eda_engine,"Extracting column metadata..."
2025-08-06 14:08:45,196,INFO,src.eda_core.metadata_extractor,"Starting metadata extraction from: src\artifacts\profiles\diabetes.xlsx.json"
2025-08-06 14:08:45,201,INFO,src.eda_core.metadata_extractor,"Metadata extraction completed. Extracted 9 columns."
2025-08-06 14:08:45,201,INFO,src.eda_core.eda_engine,"Generating dataset summary..."
2025-08-06 14:08:45,202,INFO,src.eda_core.summarizer,"Starting LLM-based dataset summarization..."
2025-08-06 14:08:45,203,INFO,src.utils.llm_clients,"GeminiClient initialized with model 'gemini-1.5-flash'"
2025-08-06 14:08:57,228,INFO,src.eda_core.summarizer,"LLM-based dataset summarization completed."
2025-08-06 14:08:57,229,INFO,src.eda_core.eda_engine,"Determining visualization rules..."
2025-08-06 14:08:57,230,INFO,src.eda_core.visualization_rules.vis_rules,"Starting Tier 3 visualization rule evaluation..."
2025-08-06 14:08:57,233,INFO,src.eda_core.visualization_rules.vis_rules,"Tier 3 visualization rule evaluation completed successfully."
2025-08-06 14:08:57,234,INFO,src.eda_core.eda_engine,"Rendering visualizations..."
2025-08-06 14:08:57,237,INFO,src.eda_core.visualizer,"Visualizer output directory set to: src\artifacts\visuals"
2025-08-06 14:08:57,237,INFO,src.eda_core.visualizer,"Starting visualization generation..."
2025-08-06 14:09:07,563,WARNING,src.eda_core.visualizer,"Skipping plot heatmap for numeric_correlation: column not found"
2025-08-06 14:09:07,570,WARNING,src.eda_core.visualizer,"Skipping plot cluster_heatmap for clustered_correlation: column not found"
2025-08-06 14:09:07,579,WARNING,src.eda_core.visualizer,"Skipping plot pairplot for pairplot: column not found"
2025-08-06 14:09:07,580,INFO,src.eda_core.visualizer,"Visualization generation completed. Total features plotted: 19"
2025-08-06 14:09:07,580,INFO,src.eda_core.eda_engine,"EDA Engine completed successfully."
2025-08-06 14:09:31,700,INFO,src.eda_core.profiler,"Profiler output directory set to: src\artifacts\profiles"
2025-08-06 14:09:31,700,INFO,src.eda_core.profiler,"Generating profile report for 'diabetes.xlsx'..."
2025-08-06 14:09:38,002,INFO,src.eda_core.profiler,"Profile report generation completed successfully."
2025-08-06 14:09:38,003,INFO,src.eda_core.metadata_extractor,"Starting metadata extraction from: src\artifacts\profiles\diabetes.xlsx.json"
2025-08-06 14:09:38,010,INFO,src.eda_core.metadata_extractor,"Metadata extraction completed. Extracted 9 columns."
2025-08-06 14:09:38,011,INFO,src.pipelines.preprocessing_pipelines,"Initialized PreprocessingPipeline. Artifacts dir: src\artifacts"
2025-08-06 14:09:38,012,INFO,src.pipelines.preprocessing_pipelines,"ðŸš€ Starting preprocessing pipeline..."
2025-08-06 14:09:38,012,INFO,src.pipelines.preprocessing_pipelines,"Handling missing values..."
2025-08-06 14:09:38,013,INFO,src.eda_core.preprocessing_rules.missing_values,"Starting missing value handling..."
2025-08-06 14:09:38,013,INFO,src.eda_core.preprocessing_rules.missing_values,"Starting missing value rule evaluation..."
2025-08-06 14:09:38,014,INFO,src.eda_core.preprocessing_rules.missing_values,"Missing value rule evaluation completed successfully."
2025-08-06 14:09:38,014,INFO,src.eda_core.preprocessing_rules.missing_values,"Missing value handling completed successfully."
2025-08-06 14:09:38,015,INFO,src.pipelines.preprocessing_pipelines,"Detecting and handling outliers..."
2025-08-06 14:09:38,015,INFO,src.eda_core.preprocessing_rules.outliers,"Starting outlier handling..."
2025-08-06 14:09:38,016,INFO,src.eda_core.preprocessing_rules.outliers,"Starting outlier detection rule evaluation..."
2025-08-06 14:09:38,020,INFO,src.eda_core.preprocessing_rules.outliers,"Column 'Pregnancies' has moderate outliers. Recommended removal."
2025-08-06 14:09:38,024,INFO,src.eda_core.preprocessing_rules.outliers,"Column 'Glucose' has moderate outliers. Recommended removal."
2025-08-06 14:09:38,029,INFO,src.eda_core.preprocessing_rules.outliers,"Column 'BloodPressure' has moderate outliers. Recommended removal."
2025-08-06 14:09:38,033,INFO,src.eda_core.preprocessing_rules.outliers,"Column 'SkinThickness' has moderate outliers. Recommended removal."
2025-08-06 14:09:38,038,INFO,src.eda_core.preprocessing_rules.outliers,"Column 'Insulin' has moderate outliers. Recommended removal."
2025-08-06 14:09:38,042,INFO,src.eda_core.preprocessing_rules.outliers,"Column 'BMI' has moderate outliers. Recommended removal."
2025-08-06 14:09:38,048,INFO,src.eda_core.preprocessing_rules.outliers,"Column 'DiabetesPedigreeFunction' has moderate outliers. Recommended removal."
2025-08-06 14:09:38,054,INFO,src.eda_core.preprocessing_rules.outliers,"Column 'Age' has moderate outliers. Recommended removal."
2025-08-06 14:09:38,059,INFO,src.eda_core.preprocessing_rules.outliers,"Column 'Outcome' has no detected outliers."
2025-08-06 14:09:38,059,INFO,src.eda_core.preprocessing_rules.outliers,"Outlier detection rule evaluation completed successfully."
2025-08-06 14:09:38,066,INFO,src.eda_core.preprocessing_rules.outliers,"Removed outliers from 'Pregnancies'. Rows before: 768, after: 764."
2025-08-06 14:09:38,072,INFO,src.eda_core.preprocessing_rules.outliers,"Removed outliers from 'Glucose'. Rows before: 764, after: 759."
2025-08-06 14:09:38,078,INFO,src.eda_core.preprocessing_rules.outliers,"Removed outliers from 'BloodPressure'. Rows before: 759, after: 714."
2025-08-06 14:09:38,084,INFO,src.eda_core.preprocessing_rules.outliers,"Removed outliers from 'SkinThickness'. Rows before: 714, after: 713."
2025-08-06 14:09:38,089,INFO,src.eda_core.preprocessing_rules.outliers,"Removed outliers from 'Insulin'. Rows before: 713, after: 686."
2025-08-06 14:09:38,097,INFO,src.eda_core.preprocessing_rules.outliers,"Removed outliers from 'BMI'. Rows before: 686, after: 676."
2025-08-06 14:09:38,104,INFO,src.eda_core.preprocessing_rules.outliers,"Removed outliers from 'DiabetesPedigreeFunction'. Rows before: 676, after: 647."
2025-08-06 14:09:38,113,INFO,src.eda_core.preprocessing_rules.outliers,"Removed outliers from 'Age'. Rows before: 647, after: 636."
2025-08-06 14:09:38,114,INFO,src.eda_core.preprocessing_rules.outliers,"Outlier handling completed successfully."
2025-08-06 14:09:38,115,INFO,src.pipelines.preprocessing_pipelines,"Applying encoding and scaling..."
2025-08-06 14:09:38,116,INFO,src.eda_core.preprocessing_rules.encodings,"Starting encoding & scaling process..."
2025-08-06 14:09:38,117,INFO,src.eda_core.preprocessing_rules.encodings,"Starting encoding rule evaluation..."
2025-08-06 14:09:38,117,INFO,src.eda_core.preprocessing_rules.encodings,"Encoding rule evaluation completed successfully."
2025-08-06 14:09:38,134,INFO,src.eda_core.preprocessing_rules.encodings,"Numeric feature scaling applied."
2025-08-06 14:09:38,135,INFO,src.eda_core.preprocessing_rules.encodings,"Encoding & scaling process completed successfully."
2025-08-06 14:09:38,136,INFO,src.pipelines.preprocessing_pipelines,"Applying transformations..."
2025-08-06 14:09:38,137,INFO,src.eda_core.preprocessing_rules.transformations,"Starting transformation application..."
2025-08-06 14:09:38,138,INFO,src.eda_core.preprocessing_rules.transformations,"Starting transformation rule evaluation..."
2025-08-06 14:09:38,145,INFO,src.eda_core.preprocessing_rules.transformations,"Column 'Pregnancies' has moderate range. Suggested min-max scaling."
2025-08-06 14:09:38,148,INFO,src.eda_core.preprocessing_rules.transformations,"Column 'Glucose' has moderate range. Suggested min-max scaling."
2025-08-06 14:09:38,152,INFO,src.eda_core.preprocessing_rules.transformations,"Column 'BloodPressure' has moderate range. Suggested min-max scaling."
2025-08-06 14:09:38,159,INFO,src.eda_core.preprocessing_rules.transformations,"Column 'SkinThickness' has moderate range. Suggested min-max scaling."
2025-08-06 14:09:38,164,INFO,src.eda_core.preprocessing_rules.transformations,"Column 'Insulin' is highly skewed. Suggested log/Box-Cox transform."
2025-08-06 14:09:38,170,INFO,src.eda_core.preprocessing_rules.transformations,"Column 'BMI' has moderate range. Suggested min-max scaling."
2025-08-06 14:09:38,178,INFO,src.eda_core.preprocessing_rules.transformations,"Column 'DiabetesPedigreeFunction' has moderate range. Suggested min-max scaling."
2025-08-06 14:09:38,183,INFO,src.eda_core.preprocessing_rules.transformations,"Column 'Age' is highly skewed. Suggested log/Box-Cox transform."
2025-08-06 14:09:38,188,INFO,src.eda_core.preprocessing_rules.transformations,"Column 'Outcome' has moderate range. Suggested min-max scaling."
2025-08-06 14:09:38,189,INFO,src.eda_core.preprocessing_rules.transformations,"Transformation rule evaluation completed successfully."
2025-08-06 14:09:38,199,INFO,src.eda_core.preprocessing_rules.transformations,"Applied MinMaxScaler to 'Pregnancies'."
2025-08-06 14:09:38,208,INFO,src.eda_core.preprocessing_rules.transformations,"Applied MinMaxScaler to 'Glucose'."
2025-08-06 14:09:38,216,INFO,src.eda_core.preprocessing_rules.transformations,"Applied MinMaxScaler to 'BloodPressure'."
2025-08-06 14:09:38,226,INFO,src.eda_core.preprocessing_rules.transformations,"Applied MinMaxScaler to 'SkinThickness'."
2025-08-06 14:09:38,228,WARNING,src.eda_core.preprocessing_rules.transformations,"Column 'Insulin' contains non-positive values. Skipping log transform."
2025-08-06 14:09:38,238,INFO,src.eda_core.preprocessing_rules.transformations,"Applied MinMaxScaler to 'BMI'."
2025-08-06 14:09:38,248,INFO,src.eda_core.preprocessing_rules.transformations,"Applied MinMaxScaler to 'DiabetesPedigreeFunction'."
2025-08-06 14:09:38,250,WARNING,src.eda_core.preprocessing_rules.transformations,"Column 'Age' contains non-positive values. Skipping log transform."
2025-08-06 14:09:38,261,INFO,src.eda_core.preprocessing_rules.transformations,"Applied MinMaxScaler to 'Outcome'."
2025-08-06 14:09:38,262,INFO,src.eda_core.preprocessing_rules.transformations,"Transformation application completed successfully."
2025-08-06 14:09:38,317,INFO,src.pipelines.preprocessing_pipelines,"âœ… Preprocessed dataset saved to: src\artifacts\preprocessed_dataset.csv"
2025-08-06 14:09:38,319,INFO,src.pipelines.preprocessing_pipelines,"âœ… Preprocessing pipeline completed successfully."
2025-08-06 14:17:09,365,INFO,src.eda_core.profiler,"Profiler output directory set to: src\artifacts\profiles"
2025-08-06 14:17:09,365,INFO,src.eda_core.profiler,"Generating profile report for 'diabetes.xlsx'..."
2025-08-06 14:17:15,715,INFO,src.eda_core.profiler,"Profile report generation completed successfully."
2025-08-06 14:17:15,718,INFO,src.eda_core.metadata_extractor,"Starting metadata extraction from: src\artifacts\profiles\diabetes.xlsx.json"
2025-08-06 14:17:15,725,INFO,src.eda_core.metadata_extractor,"Metadata extraction completed. Extracted 9 columns."
2025-08-06 14:17:15,727,INFO,src.pipelines.preprocessing_pipelines,"Initialized PreprocessingPipeline. Artifacts dir: src\artifacts"
2025-08-06 14:17:15,728,INFO,src.pipelines.preprocessing_pipelines,"ðŸš€ Starting preprocessing pipeline..."
2025-08-06 14:17:15,729,INFO,src.pipelines.preprocessing_pipelines,"Handling missing values..."
2025-08-06 14:17:15,730,INFO,src.eda_core.preprocessing_rules.missing_values,"Starting missing value handling..."
2025-08-06 14:17:15,730,INFO,src.eda_core.preprocessing_rules.missing_values,"Starting missing value rule evaluation..."
2025-08-06 14:17:15,732,INFO,src.eda_core.preprocessing_rules.missing_values,"Missing value rule evaluation completed successfully."
2025-08-06 14:17:15,732,INFO,src.eda_core.preprocessing_rules.missing_values,"Missing value handling completed successfully."
2025-08-06 14:17:15,733,INFO,src.pipelines.preprocessing_pipelines,"Detecting and handling outliers..."
2025-08-06 14:17:15,734,INFO,src.eda_core.preprocessing_rules.outliers,"Starting outlier handling..."
2025-08-06 14:17:15,735,INFO,src.eda_core.preprocessing_rules.outliers,"Starting outlier detection rule evaluation..."
2025-08-06 14:17:15,740,INFO,src.eda_core.preprocessing_rules.outliers,"Column 'Pregnancies' has moderate outliers. Recommended removal."
2025-08-06 14:17:15,745,INFO,src.eda_core.preprocessing_rules.outliers,"Column 'Glucose' has moderate outliers. Recommended removal."
2025-08-06 14:17:15,748,INFO,src.eda_core.preprocessing_rules.outliers,"Column 'BloodPressure' has moderate outliers. Recommended removal."
2025-08-06 14:17:15,762,INFO,src.eda_core.preprocessing_rules.outliers,"Column 'SkinThickness' has moderate outliers. Recommended removal."
2025-08-06 14:17:15,767,INFO,src.eda_core.preprocessing_rules.outliers,"Column 'Insulin' has moderate outliers. Recommended removal."
2025-08-06 14:17:15,776,INFO,src.eda_core.preprocessing_rules.outliers,"Column 'BMI' has moderate outliers. Recommended removal."
2025-08-06 14:17:15,779,INFO,src.eda_core.preprocessing_rules.outliers,"Column 'DiabetesPedigreeFunction' has moderate outliers. Recommended removal."
2025-08-06 14:17:15,783,INFO,src.eda_core.preprocessing_rules.outliers,"Column 'Age' has moderate outliers. Recommended removal."
2025-08-06 14:17:15,791,INFO,src.eda_core.preprocessing_rules.outliers,"Column 'Outcome' has no detected outliers."
2025-08-06 14:17:15,792,INFO,src.eda_core.preprocessing_rules.outliers,"Outlier detection rule evaluation completed successfully."
2025-08-06 14:17:15,796,INFO,src.eda_core.preprocessing_rules.outliers,"Removed outliers from 'Pregnancies'. Rows before: 768, after: 764."
2025-08-06 14:17:15,801,INFO,src.eda_core.preprocessing_rules.outliers,"Removed outliers from 'Glucose'. Rows before: 764, after: 759."
2025-08-06 14:17:15,808,INFO,src.eda_core.preprocessing_rules.outliers,"Removed outliers from 'BloodPressure'. Rows before: 759, after: 714."
2025-08-06 14:17:15,813,INFO,src.eda_core.preprocessing_rules.outliers,"Removed outliers from 'SkinThickness'. Rows before: 714, after: 713."
2025-08-06 14:17:15,819,INFO,src.eda_core.preprocessing_rules.outliers,"Removed outliers from 'Insulin'. Rows before: 713, after: 686."
2025-08-06 14:17:15,826,INFO,src.eda_core.preprocessing_rules.outliers,"Removed outliers from 'BMI'. Rows before: 686, after: 676."
2025-08-06 14:17:15,833,INFO,src.eda_core.preprocessing_rules.outliers,"Removed outliers from 'DiabetesPedigreeFunction'. Rows before: 676, after: 647."
2025-08-06 14:17:15,841,INFO,src.eda_core.preprocessing_rules.outliers,"Removed outliers from 'Age'. Rows before: 647, after: 636."
2025-08-06 14:17:15,842,INFO,src.eda_core.preprocessing_rules.outliers,"Outlier handling completed successfully."
2025-08-06 14:17:15,842,INFO,src.pipelines.preprocessing_pipelines,"Applying encoding and scaling..."
2025-08-06 14:17:15,843,INFO,src.eda_core.preprocessing_rules.encodings,"Starting encoding & scaling process..."
2025-08-06 14:17:15,845,INFO,src.eda_core.preprocessing_rules.encodings,"Starting encoding rule evaluation..."
2025-08-06 14:17:15,845,INFO,src.eda_core.preprocessing_rules.encodings,"Encoding rule evaluation completed successfully."
2025-08-06 14:17:15,863,INFO,src.eda_core.preprocessing_rules.encodings,"Numeric feature scaling applied."
2025-08-06 14:17:15,864,INFO,src.eda_core.preprocessing_rules.encodings,"Encoding & scaling process completed successfully."
2025-08-06 14:17:15,864,INFO,src.pipelines.preprocessing_pipelines,"Applying transformations..."
2025-08-06 14:17:15,865,INFO,src.eda_core.preprocessing_rules.transformations,"Starting transformation application..."
2025-08-06 14:17:15,865,INFO,src.eda_core.preprocessing_rules.transformations,"Starting advanced transformation rule evaluation..."
2025-08-06 14:17:15,908,INFO,src.eda_core.preprocessing_rules.transformations,"Advanced transformation rule evaluation completed."
2025-08-06 14:17:15,962,INFO,src.eda_core.preprocessing_rules.transformations,"Transformation application completed successfully."
2025-08-06 14:17:15,993,INFO,src.pipelines.preprocessing_pipelines,"âœ… Preprocessed dataset saved to: src\artifacts\preprocessed_dataset.csv"
2025-08-06 14:17:15,995,INFO,src.pipelines.preprocessing_pipelines,"âœ… Preprocessing pipeline completed successfully."
2025-08-06 14:19:44,534,INFO,src.eda_core.profiler,"Profiler output directory set to: src\artifacts\profiles"
2025-08-06 14:19:44,536,INFO,src.eda_core.profiler,"Generating profile report for 'diabetes.xlsx'..."
2025-08-06 14:19:50,722,INFO,src.eda_core.profiler,"Profile report generation completed successfully."
2025-08-06 14:19:50,726,INFO,src.eda_core.metadata_extractor,"Starting metadata extraction from: src\artifacts\profiles\diabetes.xlsx.json"
2025-08-06 14:19:50,735,INFO,src.eda_core.metadata_extractor,"Metadata extraction completed. Extracted 9 columns."
2025-08-06 14:19:50,738,INFO,src.pipelines.preprocessing_pipelines,"Initialized PreprocessingPipeline. Artifacts dir: src\artifacts"
2025-08-06 14:19:50,739,INFO,src.pipelines.preprocessing_pipelines,"ðŸš€ Starting preprocessing pipeline..."
2025-08-06 14:19:50,740,INFO,src.pipelines.preprocessing_pipelines,"Handling missing values..."
2025-08-06 14:19:50,741,INFO,src.eda_core.preprocessing_rules.missing_values,"Starting missing value handling..."
2025-08-06 14:19:50,743,INFO,src.eda_core.preprocessing_rules.missing_values,"Starting missing value rule evaluation..."
2025-08-06 14:19:50,746,INFO,src.eda_core.preprocessing_rules.missing_values,"Missing value rule evaluation completed successfully."
2025-08-06 14:19:50,748,INFO,src.eda_core.preprocessing_rules.missing_values,"Missing value handling completed successfully."
2025-08-06 14:19:50,749,INFO,src.pipelines.preprocessing_pipelines,"Detecting and handling outliers..."
2025-08-06 14:19:50,751,INFO,src.eda_core.preprocessing_rules.outliers,"Starting outlier handling..."
2025-08-06 14:19:50,752,INFO,src.eda_core.preprocessing_rules.outliers,"Starting outlier detection rule evaluation..."
2025-08-06 14:19:50,761,INFO,src.eda_core.preprocessing_rules.outliers,"Column 'Pregnancies' has moderate outliers. Recommended removal."
2025-08-06 14:19:50,770,INFO,src.eda_core.preprocessing_rules.outliers,"Column 'Glucose' has moderate outliers. Recommended removal."
2025-08-06 14:19:50,777,INFO,src.eda_core.preprocessing_rules.outliers,"Column 'BloodPressure' has moderate outliers. Recommended removal."
2025-08-06 14:19:50,785,INFO,src.eda_core.preprocessing_rules.outliers,"Column 'SkinThickness' has moderate outliers. Recommended removal."
2025-08-06 14:19:50,790,INFO,src.eda_core.preprocessing_rules.outliers,"Column 'Insulin' has moderate outliers. Recommended removal."
2025-08-06 14:19:50,800,INFO,src.eda_core.preprocessing_rules.outliers,"Column 'BMI' has moderate outliers. Recommended removal."
2025-08-06 14:19:50,806,INFO,src.eda_core.preprocessing_rules.outliers,"Column 'DiabetesPedigreeFunction' has moderate outliers. Recommended removal."
2025-08-06 14:19:50,814,INFO,src.eda_core.preprocessing_rules.outliers,"Column 'Age' has moderate outliers. Recommended removal."
2025-08-06 14:19:50,821,INFO,src.eda_core.preprocessing_rules.outliers,"Column 'Outcome' has no detected outliers."
2025-08-06 14:19:50,822,INFO,src.eda_core.preprocessing_rules.outliers,"Outlier detection rule evaluation completed successfully."
2025-08-06 14:19:50,832,INFO,src.eda_core.preprocessing_rules.outliers,"Removed outliers from 'Pregnancies'. Rows before: 768, after: 764."
2025-08-06 14:19:50,840,INFO,src.eda_core.preprocessing_rules.outliers,"Removed outliers from 'Glucose'. Rows before: 764, after: 759."
2025-08-06 14:19:50,852,INFO,src.eda_core.preprocessing_rules.outliers,"Removed outliers from 'BloodPressure'. Rows before: 759, after: 714."
2025-08-06 14:19:50,862,INFO,src.eda_core.preprocessing_rules.outliers,"Removed outliers from 'SkinThickness'. Rows before: 714, after: 713."
2025-08-06 14:19:50,871,INFO,src.eda_core.preprocessing_rules.outliers,"Removed outliers from 'Insulin'. Rows before: 713, after: 686."
2025-08-06 14:19:50,881,INFO,src.eda_core.preprocessing_rules.outliers,"Removed outliers from 'BMI'. Rows before: 686, after: 676."
2025-08-06 14:19:50,888,INFO,src.eda_core.preprocessing_rules.outliers,"Removed outliers from 'DiabetesPedigreeFunction'. Rows before: 676, after: 647."
2025-08-06 14:19:50,897,INFO,src.eda_core.preprocessing_rules.outliers,"Removed outliers from 'Age'. Rows before: 647, after: 636."
2025-08-06 14:19:50,899,INFO,src.eda_core.preprocessing_rules.outliers,"Outlier handling completed successfully."
2025-08-06 14:19:50,900,INFO,src.pipelines.preprocessing_pipelines,"Applying encoding and scaling..."
2025-08-06 14:19:50,901,INFO,src.eda_core.preprocessing_rules.encodings,"Starting encoding & scaling process..."
2025-08-06 14:19:50,902,INFO,src.eda_core.preprocessing_rules.encodings,"Starting encoding rule evaluation..."
2025-08-06 14:19:50,903,INFO,src.eda_core.preprocessing_rules.encodings,"Encoding rule evaluation completed successfully."
2025-08-06 14:19:50,920,INFO,src.eda_core.preprocessing_rules.encodings,"Numeric feature scaling applied."
2025-08-06 14:19:50,921,INFO,src.eda_core.preprocessing_rules.encodings,"Encoding & scaling process completed successfully."
2025-08-06 14:19:50,922,INFO,src.pipelines.preprocessing_pipelines,"Applying transformations..."
2025-08-06 14:19:50,922,INFO,src.eda_core.preprocessing_rules.transformations,"Starting transformation application..."
2025-08-06 14:19:50,923,INFO,src.eda_core.preprocessing_rules.transformations,"Starting advanced transformation rule evaluation..."
2025-08-06 14:19:50,973,INFO,src.eda_core.preprocessing_rules.transformations,"Advanced transformation rule evaluation completed."
2025-08-06 14:19:51,038,INFO,src.eda_core.preprocessing_rules.transformations,"Transformation application completed successfully."
2025-08-06 14:19:51,065,INFO,src.pipelines.preprocessing_pipelines,"âœ… Preprocessed dataset saved to: src\artifacts\preprocessed_dataset.csv"
2025-08-06 14:19:51,067,INFO,src.pipelines.preprocessing_pipelines,"âœ… Preprocessing pipeline completed successfully."
2025-08-06 14:24:48,605,INFO,src.eda_core.profiler,"Profiler output directory set to: src\artifacts\profiles"
2025-08-06 14:24:48,606,INFO,src.eda_core.profiler,"Generating profile report for 'diabetes.xlsx'..."
2025-08-06 14:24:52,892,INFO,src.eda_core.profiler,"Profile report generation completed successfully."
2025-08-06 14:24:52,894,INFO,src.eda_core.metadata_extractor,"Starting metadata extraction from: src\artifacts\profiles\diabetes.xlsx.json"
2025-08-06 14:24:52,899,INFO,src.eda_core.metadata_extractor,"Metadata extraction completed. Extracted 9 columns."
2025-08-06 14:24:52,902,INFO,src.pipelines.preprocessing_pipelines,"Initialized PreprocessingPipeline. Artifacts dir: src\artifacts"
2025-08-06 14:24:52,902,INFO,src.pipelines.preprocessing_pipelines,"ðŸš€ Starting preprocessing pipeline..."
2025-08-06 14:24:52,902,INFO,src.pipelines.preprocessing_pipelines,"Handling missing values..."
2025-08-06 14:24:52,903,INFO,src.eda_core.preprocessing_rules.missing_values,"Starting missing value handling..."
2025-08-06 14:24:52,903,INFO,src.eda_core.preprocessing_rules.missing_values,"Starting missing value rule evaluation..."
2025-08-06 14:24:52,905,INFO,src.eda_core.preprocessing_rules.missing_values,"Missing value rule evaluation completed successfully."
2025-08-06 14:24:52,905,INFO,src.eda_core.preprocessing_rules.missing_values,"Missing value handling completed successfully."
2025-08-06 14:24:52,906,INFO,src.pipelines.preprocessing_pipelines,"Detecting and handling outliers..."
2025-08-06 14:24:52,907,INFO,src.eda_core.preprocessing_rules.outliers,"Starting outlier handling..."
2025-08-06 14:24:52,907,INFO,src.eda_core.preprocessing_rules.outliers,"Starting outlier detection rule evaluation..."
2025-08-06 14:24:52,914,INFO,src.eda_core.preprocessing_rules.outliers,"Column 'Pregnancies' has moderate outliers. Recommended removal."
2025-08-06 14:24:52,921,INFO,src.eda_core.preprocessing_rules.outliers,"Column 'Glucose' has moderate outliers. Recommended removal."
2025-08-06 14:24:52,931,INFO,src.eda_core.preprocessing_rules.outliers,"Column 'BloodPressure' has moderate outliers. Recommended removal."
2025-08-06 14:24:52,936,INFO,src.eda_core.preprocessing_rules.outliers,"Column 'SkinThickness' has moderate outliers. Recommended removal."
2025-08-06 14:24:52,942,INFO,src.eda_core.preprocessing_rules.outliers,"Column 'Insulin' has moderate outliers. Recommended removal."
2025-08-06 14:24:52,948,INFO,src.eda_core.preprocessing_rules.outliers,"Column 'BMI' has moderate outliers. Recommended removal."
2025-08-06 14:24:52,955,INFO,src.eda_core.preprocessing_rules.outliers,"Column 'DiabetesPedigreeFunction' has moderate outliers. Recommended removal."
2025-08-06 14:24:52,959,INFO,src.eda_core.preprocessing_rules.outliers,"Column 'Age' has moderate outliers. Recommended removal."
2025-08-06 14:24:52,964,INFO,src.eda_core.preprocessing_rules.outliers,"Column 'Outcome' has no detected outliers."
2025-08-06 14:24:52,965,INFO,src.eda_core.preprocessing_rules.outliers,"Outlier detection rule evaluation completed successfully."
2025-08-06 14:24:52,971,INFO,src.eda_core.preprocessing_rules.outliers,"Removed outliers from 'Pregnancies'. Rows before: 768, after: 764."
2025-08-06 14:24:52,980,INFO,src.eda_core.preprocessing_rules.outliers,"Removed outliers from 'Glucose'. Rows before: 764, after: 759."
2025-08-06 14:24:52,990,INFO,src.eda_core.preprocessing_rules.outliers,"Removed outliers from 'BloodPressure'. Rows before: 759, after: 714."
2025-08-06 14:24:52,997,INFO,src.eda_core.preprocessing_rules.outliers,"Removed outliers from 'SkinThickness'. Rows before: 714, after: 713."
2025-08-06 14:24:53,007,INFO,src.eda_core.preprocessing_rules.outliers,"Removed outliers from 'Insulin'. Rows before: 713, after: 686."
2025-08-06 14:24:53,015,INFO,src.eda_core.preprocessing_rules.outliers,"Removed outliers from 'BMI'. Rows before: 686, after: 676."
2025-08-06 14:24:53,023,INFO,src.eda_core.preprocessing_rules.outliers,"Removed outliers from 'DiabetesPedigreeFunction'. Rows before: 676, after: 647."
2025-08-06 14:24:53,028,INFO,src.eda_core.preprocessing_rules.outliers,"Removed outliers from 'Age'. Rows before: 647, after: 636."
2025-08-06 14:24:53,029,INFO,src.eda_core.preprocessing_rules.outliers,"Outlier handling completed successfully."
2025-08-06 14:24:53,030,INFO,src.pipelines.preprocessing_pipelines,"Applying encoding and scaling..."
2025-08-06 14:24:53,032,INFO,src.eda_core.preprocessing_rules.encodings,"Starting encoding & scaling process..."
2025-08-06 14:24:53,033,INFO,src.eda_core.preprocessing_rules.encodings,"Starting encoding rule evaluation..."
2025-08-06 14:24:53,033,INFO,src.eda_core.preprocessing_rules.encodings,"Encoding rule evaluation completed successfully."
2025-08-06 14:24:53,045,INFO,src.eda_core.preprocessing_rules.encodings,"Numeric feature scaling applied."
2025-08-06 14:24:53,046,INFO,src.eda_core.preprocessing_rules.encodings,"Encoding & scaling process completed successfully."
2025-08-06 14:24:53,047,INFO,src.pipelines.preprocessing_pipelines,"Applying transformations..."
2025-08-06 14:24:53,047,INFO,src.eda_core.preprocessing_rules.transformations,"Starting transformation application..."
2025-08-06 14:24:53,049,INFO,src.eda_core.preprocessing_rules.transformations,"Starting advanced transformation rule evaluation..."
2025-08-06 14:24:53,088,INFO,src.eda_core.preprocessing_rules.transformations,"Advanced transformation rule evaluation completed."
2025-08-06 14:24:53,096,INFO,src.eda_core.preprocessing_rules.transformations,"Applied MinMaxScaler to Pregnancies"
2025-08-06 14:24:53,105,INFO,src.eda_core.preprocessing_rules.transformations,"Applied MinMaxScaler to Glucose"
2025-08-06 14:24:53,115,INFO,src.eda_core.preprocessing_rules.transformations,"Applied MinMaxScaler to BloodPressure"
2025-08-06 14:24:53,121,INFO,src.eda_core.preprocessing_rules.transformations,"Applied MinMaxScaler to SkinThickness"
2025-08-06 14:24:53,130,INFO,src.eda_core.preprocessing_rules.transformations,"Applied MinMaxScaler to Insulin"
2025-08-06 14:24:53,137,INFO,src.eda_core.preprocessing_rules.transformations,"Applied MinMaxScaler to BMI"
2025-08-06 14:24:53,143,INFO,src.eda_core.preprocessing_rules.transformations,"Applied MinMaxScaler to DiabetesPedigreeFunction"
2025-08-06 14:24:53,144,INFO,src.eda_core.preprocessing_rules.transformations,"Skipping transformation for Age (no-transform (age-like))"
2025-08-06 14:24:53,151,INFO,src.eda_core.preprocessing_rules.transformations,"Applied MinMaxScaler to Outcome"
2025-08-06 14:24:53,152,INFO,src.eda_core.preprocessing_rules.transformations,"Transformation application completed successfully."
2025-08-06 14:24:53,179,INFO,src.pipelines.preprocessing_pipelines,"âœ… Preprocessed dataset saved to: src\artifacts\preprocessed_dataset.csv"
2025-08-06 14:24:53,181,INFO,src.pipelines.preprocessing_pipelines,"âœ… Preprocessing pipeline completed successfully."
2025-08-06 14:29:39,264,INFO,src.eda_core.profiler,"Profiler output directory set to: src\artifacts\profiles"
2025-08-06 14:29:39,265,INFO,src.eda_core.profiler,"Generating profile report for 'diabetes.xlsx'..."
2025-08-06 14:29:46,923,INFO,src.eda_core.profiler,"Profile report generation completed successfully."
2025-08-06 14:29:46,927,INFO,src.eda_core.eda_engine,"Initializing EDAEngine with output_dir='src/artifacts', use_llm_summary=False"
2025-08-06 14:29:46,930,INFO,src.eda_core.visualizer,"Visualizer output directory set to: src\artifacts\visuals"
2025-08-06 14:29:46,931,INFO,src.eda_core.eda_engine,"EDA Engine initialized. LLM Summary: False"
2025-08-06 14:29:46,933,INFO,src.eda_core.eda_engine,"Starting EDA Engine..."
2025-08-06 14:29:46,934,INFO,src.eda_core.eda_engine,"Extracting column metadata..."
2025-08-06 14:29:46,935,INFO,src.eda_core.metadata_extractor,"Starting metadata extraction from: src\artifacts\profiles\diabetes.xlsx.json"
2025-08-06 14:29:46,941,INFO,src.eda_core.metadata_extractor,"Metadata extraction completed. Extracted 9 columns."
2025-08-06 14:29:46,941,INFO,src.eda_core.eda_engine,"Generating dataset summary..."
2025-08-06 14:29:46,942,INFO,src.eda_core.summarizer,"Starting LLM-based dataset summarization..."
2025-08-06 14:29:46,942,INFO,src.utils.llm_clients,"GeminiClient initialized with model 'gemini-1.5-flash'"
2025-08-06 14:29:52,575,INFO,src.eda_core.summarizer,"LLM-based dataset summarization completed."
2025-08-06 14:29:52,577,INFO,src.eda_core.eda_engine,"Determining visualization rules..."
2025-08-06 14:29:52,577,INFO,src.eda_core.visualization_rules.vis_rules,"Starting Tier 3 visualization rule evaluation..."
2025-08-06 14:29:52,580,INFO,src.eda_core.visualization_rules.vis_rules,"Tier 3 visualization rule evaluation completed successfully."
2025-08-06 14:29:52,581,INFO,src.eda_core.eda_engine,"Rendering visualizations..."
2025-08-06 14:29:52,583,INFO,src.eda_core.visualizer,"Visualizer output directory set to: src\artifacts\visuals"
2025-08-06 14:29:52,584,INFO,src.eda_core.visualizer,"Starting visualization generation..."
2025-08-06 14:30:04,068,WARNING,src.eda_core.visualizer,"Skipping plot heatmap for numeric_correlation: column not found"
2025-08-06 14:30:04,085,WARNING,src.eda_core.visualizer,"Skipping plot cluster_heatmap for clustered_correlation: column not found"
2025-08-06 14:30:04,103,WARNING,src.eda_core.visualizer,"Skipping plot pairplot for pairplot: column not found"
2025-08-06 14:30:04,104,INFO,src.eda_core.visualizer,"Visualization generation completed. Total features plotted: 19"
2025-08-06 14:30:04,105,INFO,src.eda_core.eda_engine,"EDA Engine completed successfully."
